ind,year,nva
        Gross domestic product,2010,15049.0
        Gross domestic product,2011,15599.7
        Gross domestic product,2012,16254.0
        Gross domestic product,2013,16843.2
        Gross domestic product,2014,17550.7
        Gross domestic product,2015,18206.0
        Gross domestic product,2016,18695.1
        Gross domestic product,2017,19479.6
        Gross domestic product,2018,20527.2
        Gross domestic product,2019,21372.6
        Gross domestic product,2020,20893.7
Private industries,2010,12941.0
Private industries,2011,13462.7
Private industries,2012,14094.5
Private industries,2013,14630.7
Private industries,2014,15279.3
Private industries,2015,15866.6
Private industries,2016,16310.9
Private industries,2017,17032.6
Private industries,2018,17980.9
Private industries,2019,18750.8
Private industries,2020,18223.1
"    Agriculture, forestry, fishing, and hunting",2010,144.9
"    Agriculture, forestry, fishing, and hunting",2011,179.2
"    Agriculture, forestry, fishing, and hunting",2012,178.7
"    Agriculture, forestry, fishing, and hunting",2013,214.3
"    Agriculture, forestry, fishing, and hunting",2014,198.9
"    Agriculture, forestry, fishing, and hunting",2015,180.1
"    Agriculture, forestry, fishing, and hunting",2016,165.8
"    Agriculture, forestry, fishing, and hunting",2017,175.9
"    Agriculture, forestry, fishing, and hunting",2018,175.6
"    Agriculture, forestry, fishing, and hunting",2019,162.6
"    Agriculture, forestry, fishing, and hunting",2020,174.5
        Farms,2010,116.2
        Farms,2011,150.4
        Farms,2012,148.0
        Farms,2013,183.3
        Farms,2014,166.0
        Farms,2015,145.2
        Farms,2016,129.9
        Farms,2017,139.4
        Farms,2018,137.1
        Farms,2019,123.0
        Farms,2020,134.7
"        Forestry, fishing, and related activities",2010,28.7
"        Forestry, fishing, and related activities",2011,28.8
"        Forestry, fishing, and related activities",2012,30.7
"        Forestry, fishing, and related activities",2013,31.0
"        Forestry, fishing, and related activities",2014,32.9
"        Forestry, fishing, and related activities",2015,34.9
"        Forestry, fishing, and related activities",2016,36.0
"        Forestry, fishing, and related activities",2017,36.5
"        Forestry, fishing, and related activities",2018,38.5
"        Forestry, fishing, and related activities",2019,39.6
"        Forestry, fishing, and related activities",2020,39.9
    Mining,2010,306.4
    Mining,2011,357.8
    Mining,2012,360.5
    Mining,2013,387.8
    Mining,2014,417.0
    Mining,2015,261.7
    Mining,2016,218.1
    Mining,2017,276.9
    Mining,2018,320.1
    Mining,2019,295.7
    Mining,2020,182.1
        Oil and gas extraction,2010,189.1
        Oil and gas extraction,2011,219.0
        Oil and gas extraction,2012,224.9
        Oil and gas extraction,2013,256.0
        Oil and gas extraction,2014,278.7
        Oil and gas extraction,2015,158.1
        Oil and gas extraction,2016,138.6
        Oil and gas extraction,2017,176.7
        Oil and gas extraction,2018,205.9
        Oil and gas extraction,2019,182.7
        Oil and gas extraction,2020,97.7
"        Mining, except oil and gas",2010,69.7
"        Mining, except oil and gas",2011,76.7
"        Mining, except oil and gas",2012,67.0
"        Mining, except oil and gas",2013,62.3
"        Mining, except oil and gas",2014,58.9
"        Mining, except oil and gas",2015,50.0
"        Mining, except oil and gas",2016,47.4
"        Mining, except oil and gas",2017,56.8
"        Mining, except oil and gas",2018,58.5
"        Mining, except oil and gas",2019,59.2
"        Mining, except oil and gas",2020,56.7
        Support activities for mining,2010,47.6
        Support activities for mining,2011,62.0
        Support activities for mining,2012,68.6
        Support activities for mining,2013,69.4
        Support activities for mining,2014,79.5
        Support activities for mining,2015,53.6
        Support activities for mining,2016,32.1
        Support activities for mining,2017,43.4
        Support activities for mining,2018,55.8
        Support activities for mining,2019,53.8
        Support activities for mining,2020,27.7
    Utilities,2010,279.1
    Utilities,2011,288.3
    Utilities,2012,280.7
    Utilities,2013,286.9
    Utilities,2014,298.3
    Utilities,2015,299.2
    Utilities,2016,302.0
    Utilities,2017,311.6
    Utilities,2018,319.0
    Utilities,2019,333.3
    Utilities,2020,341.7
    Construction,2010,525.7
    Construction,2011,525.6
    Construction,2012,554.9
    Construction,2013,588.7
    Construction,2014,637.7
    Construction,2015,695.3
    Construction,2016,747.7
    Construction,2017,800.6
    Construction,2018,847.1
    Construction,2019,903.6
    Construction,2020,895.9
    Manufacturing,2010,1799.8
    Manufacturing,2011,1873.6
    Manufacturing,2012,1934.7
    Manufacturing,2013,1997.3
    Manufacturing,2014,2053.5
    Manufacturing,2015,2131.0
    Manufacturing,2016,2102.9
    Manufacturing,2017,2199.3
    Manufacturing,2018,2334.1
    Manufacturing,2019,2370.9
    Manufacturing,2020,2272.0
        Durable goods,2010,965.5
        Durable goods,2011,1017.9
        Durable goods,2012,1065.2
        Durable goods,2013,1104.5
        Durable goods,2014,1135.6
        Durable goods,2015,1184.4
        Durable goods,2016,1187.8
        Durable goods,2017,1235.4
        Durable goods,2018,1298.9
        Durable goods,2019,1327.9
        Durable goods,2020,1268.8
            Wood products,2010,23.3
            Wood products,2011,23.7
            Wood products,2012,25.8
            Wood products,2013,30.5
            Wood products,2014,31.0
            Wood products,2015,32.5
            Wood products,2016,35.3
            Wood products,2017,37.9
            Wood products,2018,39.2
            Wood products,2019,39.9
            Wood products,2020,42.2
            Nonmetallic mineral products,2010,38.4
            Nonmetallic mineral products,2011,38.9
            Nonmetallic mineral products,2012,42.7
            Nonmetallic mineral products,2013,47.2
            Nonmetallic mineral products,2014,49.6
            Nonmetallic mineral products,2015,54.7
            Nonmetallic mineral products,2016,57.5
            Nonmetallic mineral products,2017,61.8
            Nonmetallic mineral products,2018,62.8
            Nonmetallic mineral products,2019,65.1
            Nonmetallic mineral products,2020,66.8
            Primary metals,2010,50.9
            Primary metals,2011,62.6
            Primary metals,2012,65.8
            Primary metals,2013,62.5
            Primary metals,2014,64.2
            Primary metals,2015,60.1
            Primary metals,2016,56.9
            Primary metals,2017,59.1
            Primary metals,2018,67.1
            Primary metals,2019,66.2
            Primary metals,2020,58.3
            Fabricated metal products,2010,120.0
            Fabricated metal products,2011,127.4
            Fabricated metal products,2012,138.0
            Fabricated metal products,2013,141.9
            Fabricated metal products,2014,144.1
            Fabricated metal products,2015,147.4
            Fabricated metal products,2016,146.0
            Fabricated metal products,2017,149.9
            Fabricated metal products,2018,155.4
            Fabricated metal products,2019,162.9
            Fabricated metal products,2020,145.8
            Machinery,2010,127.3
            Machinery,2011,144.9
            Machinery,2012,153.0
            Machinery,2013,158.5
            Machinery,2014,161.1
            Machinery,2015,152.5
            Machinery,2016,143.8
            Machinery,2017,153.7
            Machinery,2018,161.9
            Machinery,2019,167.5
            Machinery,2020,157.6
            Computer and electronic products,2010,240.2
            Computer and electronic products,2011,237.8
            Computer and electronic products,2012,241.3
            Computer and electronic products,2013,244.6
            Computer and electronic products,2014,251.5
            Computer and electronic products,2015,267.5
            Computer and electronic products,2016,268.1
            Computer and electronic products,2017,279.9
            Computer and electronic products,2018,304.7
            Computer and electronic products,2019,307.7
            Computer and electronic products,2020,317.3
"            Electrical equipment, appliances, and components",2010,50.8
"            Electrical equipment, appliances, and components",2011,48.3
"            Electrical equipment, appliances, and components",2012,52.2
"            Electrical equipment, appliances, and components",2013,58.1
"            Electrical equipment, appliances, and components",2014,54.4
"            Electrical equipment, appliances, and components",2015,63.7
"            Electrical equipment, appliances, and components",2016,58.5
"            Electrical equipment, appliances, and components",2017,60.8
"            Electrical equipment, appliances, and components",2018,65.1
"            Electrical equipment, appliances, and components",2019,65.0
"            Electrical equipment, appliances, and components",2020,63.6
"            Motor vehicles, bodies and trailers, and parts",2010,88.8
"            Motor vehicles, bodies and trailers, and parts",2011,104.5
"            Motor vehicles, bodies and trailers, and parts",2012,115.8
"            Motor vehicles, bodies and trailers, and parts",2013,123.1
"            Motor vehicles, bodies and trailers, and parts",2014,132.8
"            Motor vehicles, bodies and trailers, and parts",2015,146.3
"            Motor vehicles, bodies and trailers, and parts",2016,155.5
"            Motor vehicles, bodies and trailers, and parts",2017,158.4
"            Motor vehicles, bodies and trailers, and parts",2018,157.8
"            Motor vehicles, bodies and trailers, and parts",2019,158.7
"            Motor vehicles, bodies and trailers, and parts",2020,154.6
            Other transportation equipment,2010,120.8
            Other transportation equipment,2011,127.2
            Other transportation equipment,2012,126.9
            Other transportation equipment,2013,133.4
            Other transportation equipment,2014,139.4
            Other transportation equipment,2015,149.2
            Other transportation equipment,2016,148.4
            Other transportation equipment,2017,152.9
            Other transportation equipment,2018,158.7
            Other transportation equipment,2019,165.7
            Other transportation equipment,2020,130.5
            Furniture and related products,2010,21.8
            Furniture and related products,2011,22.0
            Furniture and related products,2012,22.4
            Furniture and related products,2013,24.0
            Furniture and related products,2014,25.8
            Furniture and related products,2015,29.2
            Furniture and related products,2016,30.3
            Furniture and related products,2017,29.9
            Furniture and related products,2018,31.1
            Furniture and related products,2019,32.3
            Furniture and related products,2020,31.5
            Miscellaneous manufacturing,2010,83.2
            Miscellaneous manufacturing,2011,80.5
            Miscellaneous manufacturing,2012,81.4
            Miscellaneous manufacturing,2013,80.6
            Miscellaneous manufacturing,2014,81.8
            Miscellaneous manufacturing,2015,81.3
            Miscellaneous manufacturing,2016,87.5
            Miscellaneous manufacturing,2017,91.2
            Miscellaneous manufacturing,2018,95.1
            Miscellaneous manufacturing,2019,96.9
            Miscellaneous manufacturing,2020,100.6
        Nondurable goods,2010,834.3
        Nondurable goods,2011,855.7
        Nondurable goods,2012,869.5
        Nondurable goods,2013,892.8
        Nondurable goods,2014,917.9
        Nondurable goods,2015,946.6
        Nondurable goods,2016,915.1
        Nondurable goods,2017,963.8
        Nondurable goods,2018,1035.3
        Nondurable goods,2019,1043.0
        Nondurable goods,2020,1003.1
            Food and beverage and tobacco products,2010,223.5
            Food and beverage and tobacco products,2011,209.8
            Food and beverage and tobacco products,2012,220.1
            Food and beverage and tobacco products,2013,228.5
            Food and beverage and tobacco products,2014,238.9
            Food and beverage and tobacco products,2015,261.9
            Food and beverage and tobacco products,2016,264.7
            Food and beverage and tobacco products,2017,267.4
            Food and beverage and tobacco products,2018,265.2
            Food and beverage and tobacco products,2019,277.8
            Food and beverage and tobacco products,2020,289.8
            Textile mills and textile product mills,2010,15.6
            Textile mills and textile product mills,2011,15.1
            Textile mills and textile product mills,2012,16.0
            Textile mills and textile product mills,2013,16.8
            Textile mills and textile product mills,2014,17.8
            Textile mills and textile product mills,2015,17.9
            Textile mills and textile product mills,2016,18.6
            Textile mills and textile product mills,2017,17.7
            Textile mills and textile product mills,2018,16.7
            Textile mills and textile product mills,2019,16.8
            Textile mills and textile product mills,2020,15.3
            Apparel and leather and allied products,2010,10.4
            Apparel and leather and allied products,2011,10.1
            Apparel and leather and allied products,2012,10.0
            Apparel and leather and allied products,2013,10.2
            Apparel and leather and allied products,2014,9.9
            Apparel and leather and allied products,2015,9.7
            Apparel and leather and allied products,2016,9.6
            Apparel and leather and allied products,2017,9.4
            Apparel and leather and allied products,2018,9.3
            Apparel and leather and allied products,2019,9.3
            Apparel and leather and allied products,2020,9.8
            Paper products,2010,56.4
            Paper products,2011,53.8
            Paper products,2012,53.2
            Paper products,2013,56.5
            Paper products,2014,56.8
            Paper products,2015,59.7
            Paper products,2016,58.4
            Paper products,2017,55.4
            Paper products,2018,59.2
            Paper products,2019,59.7
            Paper products,2020,59.7
            Printing and related support activities,2010,39.5
            Printing and related support activities,2011,38.8
            Printing and related support activities,2012,38.4
            Printing and related support activities,2013,39.0
            Printing and related support activities,2014,39.1
            Printing and related support activities,2015,40.2
            Printing and related support activities,2016,41.2
            Printing and related support activities,2017,40.6
            Printing and related support activities,2018,41.3
            Printing and related support activities,2019,41.3
            Printing and related support activities,2020,39.6
            Petroleum and coal products,2010,123.8
            Petroleum and coal products,2011,159.1
            Petroleum and coal products,2012,159.1
            Petroleum and coal products,2013,151.3
            Petroleum and coal products,2014,158.2
            Petroleum and coal products,2015,145.6
            Petroleum and coal products,2016,85.7
            Petroleum and coal products,2017,132.0
            Petroleum and coal products,2018,185.9
            Petroleum and coal products,2019,163.6
            Petroleum and coal products,2020,113.7
            Chemical products,2010,303.3
            Chemical products,2011,306.0
            Chemical products,2012,305.0
            Chemical products,2013,321.5
            Chemical products,2014,330.0
            Chemical products,2015,333.3
            Chemical products,2016,357.0
            Chemical products,2017,362.9
            Chemical products,2018,375.8
            Chemical products,2019,391.0
            Chemical products,2020,394.6
            Plastics and rubber products,2010,61.8
            Plastics and rubber products,2011,63.1
            Plastics and rubber products,2012,67.7
            Plastics and rubber products,2013,69.1
            Plastics and rubber products,2014,67.2
            Plastics and rubber products,2015,78.3
            Plastics and rubber products,2016,79.9
            Plastics and rubber products,2017,78.3
            Plastics and rubber products,2018,81.9
            Plastics and rubber products,2019,83.7
            Plastics and rubber products,2020,80.6
    Wholesale trade,2010,890.0
    Wholesale trade,2011,937.1
    Wholesale trade,2012,1000.3
    Wholesale trade,2013,1042.2
    Wholesale trade,2014,1089.6
    Wholesale trade,2015,1143.6
    Wholesale trade,2016,1135.8
    Wholesale trade,2017,1165.7
    Wholesale trade,2018,1217.4
    Wholesale trade,2019,1275.0
    Wholesale trade,2020,1243.3
    Retail trade,2010,852.1
    Retail trade,2011,873.1
    Retail trade,2012,910.0
    Retail trade,2013,950.6
    Retail trade,2014,975.1
    Retail trade,2015,1020.3
    Retail trade,2016,1053.0
    Retail trade,2017,1081.6
    Retail trade,2018,1119.7
    Retail trade,2019,1166.7
    Retail trade,2020,1202.2
        Motor vehicle and parts dealers,2010,141.3
        Motor vehicle and parts dealers,2011,148.9
        Motor vehicle and parts dealers,2012,161.2
        Motor vehicle and parts dealers,2013,172.4
        Motor vehicle and parts dealers,2014,181.3
        Motor vehicle and parts dealers,2015,192.5
        Motor vehicle and parts dealers,2016,201.7
        Motor vehicle and parts dealers,2017,207.6
        Motor vehicle and parts dealers,2018,213.6
        Motor vehicle and parts dealers,2019,225.8
        Motor vehicle and parts dealers,2020,229.2
        Food and beverage stores,2010,131.2
        Food and beverage stores,2011,130.2
        Food and beverage stores,2012,132.0
        Food and beverage stores,2013,136.0
        Food and beverage stores,2014,138.8
        Food and beverage stores,2015,145.5
        Food and beverage stores,2016,148.4
        Food and beverage stores,2017,152.8
        Food and beverage stores,2018,154.8
        Food and beverage stores,2019,158.3
        Food and beverage stores,2020,172.2
        General merchandise stores,2010,132.2
        General merchandise stores,2011,134.2
        General merchandise stores,2012,133.4
        General merchandise stores,2013,135.4
        General merchandise stores,2014,138.7
        General merchandise stores,2015,142.6
        General merchandise stores,2016,143.9
        General merchandise stores,2017,146.7
        General merchandise stores,2018,150.6
        General merchandise stores,2019,153.6
        General merchandise stores,2020,157.5
        Other retail,2010,447.4
        Other retail,2011,459.8
        Other retail,2012,483.3
        Other retail,2013,506.8
        Other retail,2014,516.3
        Other retail,2015,539.7
        Other retail,2016,559.0
        Other retail,2017,574.6
        Other retail,2018,600.7
        Other retail,2019,628.9
        Other retail,2020,643.4
    Transportation and warehousing,2010,433.5
    Transportation and warehousing,2011,452.5
    Transportation and warehousing,2012,473.3
    Transportation and warehousing,2013,492.1
    Transportation and warehousing,2014,522.5
    Transportation and warehousing,2015,566.1
    Transportation and warehousing,2016,582.4
    Transportation and warehousing,2017,609.4
    Transportation and warehousing,2018,648.1
    Transportation and warehousing,2019,685.7
    Transportation and warehousing,2020,572.0
        Air transportation,2010,84.3
        Air transportation,2011,84.8
        Air transportation,2012,88.1
        Air transportation,2013,94.2
        Air transportation,2014,103.0
        Air transportation,2015,117.7
        Air transportation,2016,129.2
        Air transportation,2017,134.8
        Air transportation,2018,136.1
        Air transportation,2019,146.3
        Air transportation,2020,57.9
        Rail transportation,2010,33.8
        Rail transportation,2011,36.6
        Rail transportation,2012,39.7
        Rail transportation,2013,41.0
        Rail transportation,2014,43.9
        Rail transportation,2015,44.3
        Rail transportation,2016,40.1
        Rail transportation,2017,41.3
        Rail transportation,2018,43.7
        Rail transportation,2019,42.4
        Rail transportation,2020,37.6
        Water transportation,2010,14.7
        Water transportation,2011,14.1
        Water transportation,2012,13.2
        Water transportation,2013,16.5
        Water transportation,2014,16.2
        Water transportation,2015,15.8
        Water transportation,2016,13.5
        Water transportation,2017,13.0
        Water transportation,2018,14.2
        Water transportation,2019,14.4
        Water transportation,2020,9.6
        Truck transportation,2010,113.5
        Truck transportation,2011,122.0
        Truck transportation,2012,128.4
        Truck transportation,2013,131.1
        Truck transportation,2014,140.8
        Truck transportation,2015,149.1
        Truck transportation,2016,148.9
        Truck transportation,2017,156.3
        Truck transportation,2018,167.7
        Truck transportation,2019,173.0
        Truck transportation,2020,164.7
        Transit and ground passenger transportation,2010,31.4
        Transit and ground passenger transportation,2011,34.2
        Transit and ground passenger transportation,2012,36.5
        Transit and ground passenger transportation,2013,38.0
        Transit and ground passenger transportation,2014,40.6
        Transit and ground passenger transportation,2015,42.2
        Transit and ground passenger transportation,2016,42.7
        Transit and ground passenger transportation,2017,45.4
        Transit and ground passenger transportation,2018,47.6
        Transit and ground passenger transportation,2019,53.9
        Transit and ground passenger transportation,2020,37.4
        Pipeline transportation,2010,20.2
        Pipeline transportation,2011,21.6
        Pipeline transportation,2012,25.3
        Pipeline transportation,2013,27.0
        Pipeline transportation,2014,30.2
        Pipeline transportation,2015,36.8
        Pipeline transportation,2016,39.2
        Pipeline transportation,2017,41.0
        Pipeline transportation,2018,44.5
        Pipeline transportation,2019,43.3
        Pipeline transportation,2020,41.2
        Other transportation and support activities,2010,90.5
        Other transportation and support activities,2011,94.0
        Other transportation and support activities,2012,94.9
        Other transportation and support activities,2013,97.1
        Other transportation and support activities,2014,100.0
        Other transportation and support activities,2015,108.1
        Other transportation and support activities,2016,110.9
        Other transportation and support activities,2017,115.1
        Other transportation and support activities,2018,124.5
        Other transportation and support activities,2019,136.3
        Other transportation and support activities,2020,143.8
        Warehousing and storage,2010,45.2
        Warehousing and storage,2011,45.2
        Warehousing and storage,2012,47.2
        Warehousing and storage,2013,47.3
        Warehousing and storage,2014,47.8
        Warehousing and storage,2015,51.9
        Warehousing and storage,2016,58.0
        Warehousing and storage,2017,62.4
        Warehousing and storage,2018,69.9
        Warehousing and storage,2019,76.1
        Warehousing and storage,2020,79.9
    Information,2010,754.9
    Information,2011,763.0
    Information,2012,762.7
    Information,2013,831.4
    Information,2014,844.4
    Information,2015,907.8
    Information,2016,970.3
    Information,2017,1004.7
    Information,2018,1064.6
    Information,2019,1134.5
    Information,2020,1167.9
"        Publishing industries, except internet (includes software)",2010,187.1
"        Publishing industries, except internet (includes software)",2011,195.3
"        Publishing industries, except internet (includes software)",2012,202.2
"        Publishing industries, except internet (includes software)",2013,210.8
"        Publishing industries, except internet (includes software)",2014,217.8
"        Publishing industries, except internet (includes software)",2015,223.7
"        Publishing industries, except internet (includes software)",2016,234.5
"        Publishing industries, except internet (includes software)",2017,252.4
"        Publishing industries, except internet (includes software)",2018,274.2
"        Publishing industries, except internet (includes software)",2019,293.1
"        Publishing industries, except internet (includes software)",2020,320.0
        Motion picture and sound recording industries,2010,91.3
        Motion picture and sound recording industries,2011,85.1
        Motion picture and sound recording industries,2012,82.8
        Motion picture and sound recording industries,2013,83.0
        Motion picture and sound recording industries,2014,82.3
        Motion picture and sound recording industries,2015,87.6
        Motion picture and sound recording industries,2016,93.8
        Motion picture and sound recording industries,2017,94.3
        Motion picture and sound recording industries,2018,87.2
        Motion picture and sound recording industries,2019,86.9
        Motion picture and sound recording industries,2020,70.1
        Broadcasting and telecommunications,2010,375.5
        Broadcasting and telecommunications,2011,367.8
        Broadcasting and telecommunications,2012,372.3
        Broadcasting and telecommunications,2013,405.8
        Broadcasting and telecommunications,2014,394.8
        Broadcasting and telecommunications,2015,426.6
        Broadcasting and telecommunications,2016,446.7
        Broadcasting and telecommunications,2017,445.4
        Broadcasting and telecommunications,2018,460.2
        Broadcasting and telecommunications,2019,469.2
        Broadcasting and telecommunications,2020,459.5
"        Data processing, internet publishing, and other information services",2010,101.0
"        Data processing, internet publishing, and other information services",2011,114.8
"        Data processing, internet publishing, and other information services",2012,105.3
"        Data processing, internet publishing, and other information services",2013,131.7
"        Data processing, internet publishing, and other information services",2014,149.4
"        Data processing, internet publishing, and other information services",2015,169.8
"        Data processing, internet publishing, and other information services",2016,195.2
"        Data processing, internet publishing, and other information services",2017,212.6
"        Data processing, internet publishing, and other information services",2018,243.0
"        Data processing, internet publishing, and other information services",2019,285.3
"        Data processing, internet publishing, and other information services",2020,318.3
"    Finance, insurance, real estate, rental, and leasing",2010,2990.4
"    Finance, insurance, real estate, rental, and leasing",2011,3080.8
"    Finance, insurance, real estate, rental, and leasing",2012,3289.2
"    Finance, insurance, real estate, rental, and leasing",2013,3362.0
"    Finance, insurance, real estate, rental, and leasing",2014,3560.7
"    Finance, insurance, real estate, rental, and leasing",2015,3713.8
"    Finance, insurance, real estate, rental, and leasing",2016,3883.2
"    Finance, insurance, real estate, rental, and leasing",2017,4020.2
"    Finance, insurance, real estate, rental, and leasing",2018,4257.8
"    Finance, insurance, real estate, rental, and leasing",2019,4451.5
"    Finance, insurance, real estate, rental, and leasing",2020,4592.1
        Finance and insurance,2010,1006.2
        Finance and insurance,2011,1033.5
        Finance and insurance,2012,1172.4
        Finance and insurance,2013,1156.5
        Finance and insurance,2014,1296.0
        Finance and insurance,2015,1384.5
        Finance and insurance,2016,1475.0
        Finance and insurance,2017,1512.1
        Finance and insurance,2018,1626.7
        Finance and insurance,2019,1682.9
        Finance and insurance,2020,1787.7
"            Federal Reserve banks, credit intermediation, and related activities",2010,419.5
"            Federal Reserve banks, credit intermediation, and related activities",2011,461.5
"            Federal Reserve banks, credit intermediation, and related activities",2012,519.7
"            Federal Reserve banks, credit intermediation, and related activities",2013,508.3
"            Federal Reserve banks, credit intermediation, and related activities",2014,559.9
"            Federal Reserve banks, credit intermediation, and related activities",2015,581.6
"            Federal Reserve banks, credit intermediation, and related activities",2016,617.2
"            Federal Reserve banks, credit intermediation, and related activities",2017,641.6
"            Federal Reserve banks, credit intermediation, and related activities",2018,693.6
"            Federal Reserve banks, credit intermediation, and related activities",2019,723.3
"            Federal Reserve banks, credit intermediation, and related activities",2020,781.0
"            Securities, commodity contracts, and investments",2010,196.7
"            Securities, commodity contracts, and investments",2011,173.4
"            Securities, commodity contracts, and investments",2012,232.8
"            Securities, commodity contracts, and investments",2013,249.5
"            Securities, commodity contracts, and investments",2014,228.1
"            Securities, commodity contracts, and investments",2015,231.0
"            Securities, commodity contracts, and investments",2016,267.4
"            Securities, commodity contracts, and investments",2017,297.1
"            Securities, commodity contracts, and investments",2018,314.1
"            Securities, commodity contracts, and investments",2019,329.8
"            Securities, commodity contracts, and investments",2020,341.4
            Insurance carriers and related activities,2010,373.4
            Insurance carriers and related activities,2011,385.4
            Insurance carriers and related activities,2012,406.9
            Insurance carriers and related activities,2013,386.1
            Insurance carriers and related activities,2014,487.4
            Insurance carriers and related activities,2015,554.6
            Insurance carriers and related activities,2016,571.6
            Insurance carriers and related activities,2017,550.7
            Insurance carriers and related activities,2018,590.7
            Insurance carriers and related activities,2019,604.5
            Insurance carriers and related activities,2020,640.3
"            Funds, trusts, and other financial vehicles",2010,16.6
"            Funds, trusts, and other financial vehicles",2011,13.1
"            Funds, trusts, and other financial vehicles",2012,13.0
"            Funds, trusts, and other financial vehicles",2013,12.6
"            Funds, trusts, and other financial vehicles",2014,20.6
"            Funds, trusts, and other financial vehicles",2015,17.4
"            Funds, trusts, and other financial vehicles",2016,18.7
"            Funds, trusts, and other financial vehicles",2017,22.7
"            Funds, trusts, and other financial vehicles",2018,28.3
"            Funds, trusts, and other financial vehicles",2019,25.3
"            Funds, trusts, and other financial vehicles",2020,25.1
        Real estate and rental and leasing,2010,1984.2
        Real estate and rental and leasing,2011,2047.3
        Real estate and rental and leasing,2012,2116.8
        Real estate and rental and leasing,2013,2205.5
        Real estate and rental and leasing,2014,2264.7
        Real estate and rental and leasing,2015,2329.3
        Real estate and rental and leasing,2016,2408.3
        Real estate and rental and leasing,2017,2508.2
        Real estate and rental and leasing,2018,2631.0
        Real estate and rental and leasing,2019,2768.7
        Real estate and rental and leasing,2020,2804.4
            Real estate,2010,1823.9
            Real estate,2011,1883.9
            Real estate,2012,1943.0
            Real estate,2013,2022.4
            Real estate,2014,2073.9
            Real estate,2015,2123.1
            Real estate,2016,2187.6
            Real estate,2017,2279.5
            Real estate,2018,2386.7
            Real estate,2019,2500.4
            Real estate,2020,2563.1
                Housing,2010,1495.9
                Housing,2011,1523.9
                Housing,2012,1546.2
                Housing,2013,1590.1
                Housing,2014,1636.6
                Housing,2015,1686.7
                Housing,2016,1745.9
                Housing,2017,1815.1
                Housing,2018,1896.1
                Housing,2019,1980.1
                Housing,2020,2050.7
                Other real estate,2010,328.0
                Other real estate,2011,360.0
                Other real estate,2012,396.9
                Other real estate,2013,432.3
                Other real estate,2014,437.3
                Other real estate,2015,436.4
                Other real estate,2016,441.7
                Other real estate,2017,464.5
                Other real estate,2018,490.6
                Other real estate,2019,520.3
                Other real estate,2020,512.4
            Rental and leasing services and lessors of intangible assets,2010,160.3
            Rental and leasing services and lessors of intangible assets,2011,163.3
            Rental and leasing services and lessors of intangible assets,2012,173.8
            Rental and leasing services and lessors of intangible assets,2013,183.1
            Rental and leasing services and lessors of intangible assets,2014,190.9
            Rental and leasing services and lessors of intangible assets,2015,206.2
            Rental and leasing services and lessors of intangible assets,2016,220.6
            Rental and leasing services and lessors of intangible assets,2017,228.6
            Rental and leasing services and lessors of intangible assets,2018,244.4
            Rental and leasing services and lessors of intangible assets,2019,268.2
            Rental and leasing services and lessors of intangible assets,2020,241.3
    Professional and business services,2010,1768.5
    Professional and business services,2011,1860.0
    Professional and business services,2012,1968.9
    Professional and business services,2013,2020.1
    Professional and business services,2014,2120.2
    Professional and business services,2015,2237.7
    Professional and business services,2016,2306.2
    Professional and business services,2017,2434.3
    Professional and business services,2018,2586.9
    Professional and business services,2019,2731.3
    Professional and business services,2020,2689.8
"        Professional, scientific, and technical services",2010,1065.1
"        Professional, scientific, and technical services",2011,1127.2
"        Professional, scientific, and technical services",2012,1191.8
"        Professional, scientific, and technical services",2013,1210.7
"        Professional, scientific, and technical services",2014,1269.0
"        Professional, scientific, and technical services",2015,1349.2
"        Professional, scientific, and technical services",2016,1395.5
"        Professional, scientific, and technical services",2017,1458.5
"        Professional, scientific, and technical services",2018,1559.4
"        Professional, scientific, and technical services",2019,1645.0
"        Professional, scientific, and technical services",2020,1627.8
            Legal services,2010,204.7
            Legal services,2011,216.1
            Legal services,2012,217.5
            Legal services,2013,219.4
            Legal services,2014,225.8
            Legal services,2015,238.8
            Legal services,2016,252.1
            Legal services,2017,258.8
            Legal services,2018,268.6
            Legal services,2019,282.8
            Legal services,2020,281.7
            Computer systems design and related services,2010,202.9
            Computer systems design and related services,2011,224.8
            Computer systems design and related services,2012,252.7
            Computer systems design and related services,2013,255.2
            Computer systems design and related services,2014,266.1
            Computer systems design and related services,2015,284.9
            Computer systems design and related services,2016,304.9
            Computer systems design and related services,2017,322.8
            Computer systems design and related services,2018,353.4
            Computer systems design and related services,2019,370.5
            Computer systems design and related services,2020,366.6
"            Miscellaneous professional, scientific, and technical services",2010,657.5
"            Miscellaneous professional, scientific, and technical services",2011,686.2
"            Miscellaneous professional, scientific, and technical services",2012,721.6
"            Miscellaneous professional, scientific, and technical services",2013,736.1
"            Miscellaneous professional, scientific, and technical services",2014,777.1
"            Miscellaneous professional, scientific, and technical services",2015,825.6
"            Miscellaneous professional, scientific, and technical services",2016,838.5
"            Miscellaneous professional, scientific, and technical services",2017,877.0
"            Miscellaneous professional, scientific, and technical services",2018,937.3
"            Miscellaneous professional, scientific, and technical services",2019,991.7
"            Miscellaneous professional, scientific, and technical services",2020,979.4
        Management of companies and enterprises,2010,265.3
        Management of companies and enterprises,2011,277.9
        Management of companies and enterprises,2012,302.1
        Management of companies and enterprises,2013,319.6
        Management of companies and enterprises,2014,332.8
        Management of companies and enterprises,2015,347.9
        Management of companies and enterprises,2016,350.9
        Management of companies and enterprises,2017,372.7
        Management of companies and enterprises,2018,392.4
        Management of companies and enterprises,2019,411.8
        Management of companies and enterprises,2020,410.5
        Administrative and waste management services,2010,438.0
        Administrative and waste management services,2011,455.0
        Administrative and waste management services,2012,474.9
        Administrative and waste management services,2013,489.8
        Administrative and waste management services,2014,518.4
        Administrative and waste management services,2015,540.6
        Administrative and waste management services,2016,559.7
        Administrative and waste management services,2017,603.0
        Administrative and waste management services,2018,635.1
        Administrative and waste management services,2019,674.5
        Administrative and waste management services,2020,651.6
            Administrative and support services,2010,390.2
            Administrative and support services,2011,412.4
            Administrative and support services,2012,432.1
            Administrative and support services,2013,446.5
            Administrative and support services,2014,472.2
            Administrative and support services,2015,492.6
            Administrative and support services,2016,511.7
            Administrative and support services,2017,549.3
            Administrative and support services,2018,577.7
            Administrative and support services,2019,615.0
            Administrative and support services,2020,591.7
            Waste management and remediation services,2010,47.8
            Waste management and remediation services,2011,42.5
            Waste management and remediation services,2012,42.8
            Waste management and remediation services,2013,43.3
            Waste management and remediation services,2014,46.2
            Waste management and remediation services,2015,47.9
            Waste management and remediation services,2016,48.1
            Waste management and remediation services,2017,53.8
            Waste management and remediation services,2018,57.5
            Waste management and remediation services,2019,59.5
            Waste management and remediation services,2020,59.8
"    Educational services, health care, and social assistance",2010,1311.3
"    Educational services, health care, and social assistance",2011,1356.2
"    Educational services, health care, and social assistance",2012,1409.3
"    Educational services, health care, and social assistance",2013,1448.4
"    Educational services, health care, and social assistance",2014,1492.6
"    Educational services, health care, and social assistance",2015,1571.2
"    Educational services, health care, and social assistance",2016,1652.6
"    Educational services, health care, and social assistance",2017,1710.7
"    Educational services, health care, and social assistance",2018,1784.2
"    Educational services, health care, and social assistance",2019,1871.4
"    Educational services, health care, and social assistance",2020,1798.6
        Educational services,2010,199.0
        Educational services,2011,206.3
        Educational services,2012,214.2
        Educational services,2013,217.6
        Educational services,2014,226.2
        Educational services,2015,233.4
        Educational services,2016,246.2
        Educational services,2017,249.2
        Educational services,2018,261.1
        Educational services,2019,275.0
        Educational services,2020,251.3
        Health care and social assistance,2010,1112.3
        Health care and social assistance,2011,1149.9
        Health care and social assistance,2012,1195.1
        Health care and social assistance,2013,1230.8
        Health care and social assistance,2014,1266.4
        Health care and social assistance,2015,1337.8
        Health care and social assistance,2016,1406.4
        Health care and social assistance,2017,1461.5
        Health care and social assistance,2018,1523.0
        Health care and social assistance,2019,1596.4
        Health care and social assistance,2020,1547.3
            Ambulatory health care services,2010,532.0
            Ambulatory health care services,2011,555.8
            Ambulatory health care services,2012,574.6
            Ambulatory health care services,2013,594.3
            Ambulatory health care services,2014,611.8
            Ambulatory health care services,2015,644.4
            Ambulatory health care services,2016,682.9
            Ambulatory health care services,2017,712.4
            Ambulatory health care services,2018,741.6
            Ambulatory health care services,2019,780.8
            Ambulatory health care services,2020,738.5
            Hospitals,2010,369.9
            Hospitals,2011,382.3
            Hospitals,2012,398.5
            Hospitals,2013,405.9
            Hospitals,2014,416.3
            Hospitals,2015,443.7
            Hospitals,2016,461.0
            Hospitals,2017,477.1
            Hospitals,2018,495.2
            Hospitals,2019,513.6
            Hospitals,2020,513.0
            Nursing and residential care facilities,2010,120.7
            Nursing and residential care facilities,2011,123.2
            Nursing and residential care facilities,2012,126.0
            Nursing and residential care facilities,2013,129.1
            Nursing and residential care facilities,2014,132.5
            Nursing and residential care facilities,2015,137.6
            Nursing and residential care facilities,2016,143.0
            Nursing and residential care facilities,2017,146.1
            Nursing and residential care facilities,2018,152.4
            Nursing and residential care facilities,2019,157.2
            Nursing and residential care facilities,2020,155.0
            Social assistance,2010,89.7
            Social assistance,2011,88.7
            Social assistance,2012,96.0
            Social assistance,2013,101.5
            Social assistance,2014,106.0
            Social assistance,2015,112.1
            Social assistance,2016,119.5
            Social assistance,2017,125.9
            Social assistance,2018,133.7
            Social assistance,2019,144.8
            Social assistance,2020,140.8
"    Arts, entertainment, recreation, accommodation, and food services",2010,556.2
"    Arts, entertainment, recreation, accommodation, and food services",2011,581.9
"    Arts, entertainment, recreation, accommodation, and food services",2012,622.7
"    Arts, entertainment, recreation, accommodation, and food services",2013,652.3
"    Arts, entertainment, recreation, accommodation, and food services",2014,691.9
"    Arts, entertainment, recreation, accommodation, and food services",2015,747.0
"    Arts, entertainment, recreation, accommodation, and food services",2016,790.5
"    Arts, entertainment, recreation, accommodation, and food services",2017,828.2
"    Arts, entertainment, recreation, accommodation, and food services",2018,869.6
"    Arts, entertainment, recreation, accommodation, and food services",2019,914.2
"    Arts, entertainment, recreation, accommodation, and food services",2020,672.1
"        Arts, entertainment, and recreation",2010,152.4
"        Arts, entertainment, and recreation",2011,158.7
"        Arts, entertainment, and recreation",2012,171.8
"        Arts, entertainment, and recreation",2013,177.8
"        Arts, entertainment, and recreation",2014,189.3
"        Arts, entertainment, and recreation",2015,193.6
"        Arts, entertainment, and recreation",2016,207.2
"        Arts, entertainment, and recreation",2017,216.8
"        Arts, entertainment, and recreation",2018,230.0
"        Arts, entertainment, and recreation",2019,241.0
"        Arts, entertainment, and recreation",2020,163.4
"            Performing arts, spectator sports, museums, and related activities",2010,87.9
"            Performing arts, spectator sports, museums, and related activities",2011,93.0
"            Performing arts, spectator sports, museums, and related activities",2012,101.8
"            Performing arts, spectator sports, museums, and related activities",2013,104.5
"            Performing arts, spectator sports, museums, and related activities",2014,112.5
"            Performing arts, spectator sports, museums, and related activities",2015,112.9
"            Performing arts, spectator sports, museums, and related activities",2016,122.2
"            Performing arts, spectator sports, museums, and related activities",2017,129.9
"            Performing arts, spectator sports, museums, and related activities",2018,139.0
"            Performing arts, spectator sports, museums, and related activities",2019,145.4
"            Performing arts, spectator sports, museums, and related activities",2020,91.3
"            Amusements, gambling, and recreation industries",2010,64.6
"            Amusements, gambling, and recreation industries",2011,65.7
"            Amusements, gambling, and recreation industries",2012,70.0
"            Amusements, gambling, and recreation industries",2013,73.2
"            Amusements, gambling, and recreation industries",2014,76.8
"            Amusements, gambling, and recreation industries",2015,80.6
"            Amusements, gambling, and recreation industries",2016,85.0
"            Amusements, gambling, and recreation industries",2017,86.9
"            Amusements, gambling, and recreation industries",2018,91.0
"            Amusements, gambling, and recreation industries",2019,95.6
"            Amusements, gambling, and recreation industries",2020,72.1
        Accommodation and food services,2010,403.8
        Accommodation and food services,2011,423.2
        Accommodation and food services,2012,451.0
        Accommodation and food services,2013,474.5
        Accommodation and food services,2014,502.6
        Accommodation and food services,2015,553.5
        Accommodation and food services,2016,583.2
        Accommodation and food services,2017,611.3
        Accommodation and food services,2018,639.6
        Accommodation and food services,2019,673.2
        Accommodation and food services,2020,508.7
            Accommodation,2010,112.1
            Accommodation,2011,122.0
            Accommodation,2012,128.9
            Accommodation,2013,136.9
            Accommodation,2014,143.1
            Accommodation,2015,157.6
            Accommodation,2016,160.2
            Accommodation,2017,168.0
            Accommodation,2018,176.2
            Accommodation,2019,185.0
            Accommodation,2020,115.8
            Food services and drinking places,2010,291.7
            Food services and drinking places,2011,301.2
            Food services and drinking places,2012,322.1
            Food services and drinking places,2013,337.6
            Food services and drinking places,2014,359.5
            Food services and drinking places,2015,395.9
            Food services and drinking places,2016,423.0
            Food services and drinking places,2017,443.4
            Food services and drinking places,2018,463.3
            Food services and drinking places,2019,488.2
            Food services and drinking places,2020,393.0
"    Other services, except government",2010,328.2
"    Other services, except government",2011,333.5
"    Other services, except government",2012,348.6
"    Other services, except government",2013,356.7
"    Other services, except government",2014,376.8
"    Other services, except government",2015,391.6
"    Other services, except government",2016,400.5
"    Other services, except government",2017,413.5
"    Other services, except government",2018,436.5
"    Other services, except government",2019,454.4
"    Other services, except government",2020,419.0
Government,2010,2108.0
Government,2011,2137.1
Government,2012,2159.5
Government,2013,2212.5
Government,2014,2271.4
Government,2015,2339.4
Government,2016,2384.2
Government,2017,2447.1
Government,2018,2546.3
Government,2019,2621.8
Government,2020,2670.6
    Federal,2010,697.4
    Federal,2011,712.3
    Federal,2012,713.9
    Federal,2013,703.8
    Federal,2014,715.8
    Federal,2015,731.3
    Federal,2016,743.0
    Federal,2017,761.7
    Federal,2018,789.4
    Federal,2019,811.5
    Federal,2020,848.4
        General government,2010,640.0
        General government,2011,659.8
        General government,2012,663.7
        General government,2013,658.4
        General government,2014,666.8
        General government,2015,673.7
        General government,2016,683.9
        General government,2017,699.3
        General government,2018,726.0
        General government,2019,749.4
        General government,2020,782.5
            National defense,2010,393.5
            National defense,2011,407.1
            National defense,2012,407.6
            National defense,2013,400.1
            National defense,2014,400.0
            National defense,2015,398.4
            National defense,2016,399.1
            National defense,2017,403.9
            National defense,2018,418.0
            National defense,2019,430.9
            National defense,2020,447.6
            Nondefense,2010,246.5
            Nondefense,2011,252.6
            Nondefense,2012,256.1
            Nondefense,2013,258.3
            Nondefense,2014,266.8
            Nondefense,2015,275.3
            Nondefense,2016,284.8
            Nondefense,2017,295.3
            Nondefense,2018,308.0
            Nondefense,2019,318.5
            Nondefense,2020,334.9
        Government enterprises,2010,57.5
        Government enterprises,2011,52.5
        Government enterprises,2012,50.2
        Government enterprises,2013,45.4
        Government enterprises,2014,49.0
        Government enterprises,2015,57.6
        Government enterprises,2016,59.1
        Government enterprises,2017,62.5
        Government enterprises,2018,63.4
        Government enterprises,2019,62.0
        Government enterprises,2020,65.9
    State and local,2010,1410.5
    State and local,2011,1424.8
    State and local,2012,1445.6
    State and local,2013,1508.7
    State and local,2014,1555.5
    State and local,2015,1608.2
    State and local,2016,1641.2
    State and local,2017,1685.3
    State and local,2018,1756.9
    State and local,2019,1810.3
    State and local,2020,1822.3
        General government,2010,1306.1
        General government,2011,1313.1
        General government,2012,1325.5
        General government,2013,1380.9
        General government,2014,1421.1
        General government,2015,1467.3
        General government,2016,1498.6
        General government,2017,1541.2
        General government,2018,1606.1
        General government,2019,1656.1
        General government,2020,1689.4
        Government enterprises,2010,104.4
        Government enterprises,2011,111.7
        Government enterprises,2012,120.1
        Government enterprises,2013,127.8
        Government enterprises,2014,134.4
        Government enterprises,2015,140.8
        Government enterprises,2016,142.6
        Government enterprises,2017,144.2
        Government enterprises,2018,150.8
        Government enterprises,2019,154.3
        Government enterprises,2020,132.9
